video,track,frame_count,valence,arousal,"touch valence (1:pleasant, 0:neutral, -1:unpleasant)","touch action (such as hug, handshake, slap, stroke, tap, pat, push, punch and so on)","touch giver, valence  (1:pleasant, 0:neutral, -1:unpleasant)","touch receiver, valence  (1:pleasant, 0:neutral, -1:unpleasant)"
001_RPReplay_Final1705852964,track_1,70,-0.091272743,0.2285602263041905,1,stroke,1,1
001_RPReplay_Final1705852964,track_2,70,-0.03142001,0.112525913970811,1,stroke,1,1
002_RPReplay_Final1705853085,track_2,45,0.3339375984337595,0.1376384240057733,1,handshake,1,1
002_RPReplay_Final1705853085,track_1,26,-0.195633667,0.3892828770554982,1,handshake,1,1
003_RPReplay_Final1705853224,track_2,71,-0.051612607,0.3151564971661904,0,tap,0,0
003_RPReplay_Final1705853224,track_1,69,-0.315214209,0.2260297774404719,0,tap,0,0
005_RPReplay_Final1705853428,track_1,67,-0.389636057,0.2385673947743515,1,push,1,-1
006_RPReplay_Final1705853556,track_6,32,-0.220448014,0.1524868388660252,0,stroke,0,-1
006_RPReplay_Final1705853556,track_15,17,0.1034517489811953,0.4324914567610797,0,stroke,0,-1
007_RPReplay_Final1705853702,track_2,70,-0.002462512,0.3387667196137564,1,stroke,1,0
007_RPReplay_Final1705853702,track_1,57,-0.390235958,0.3822325227553384,1,stroke,1,0
008_RPReplay_Final1705853880,track_1,71,-0.189951177,-0.099274078,1,stroke,1,0
008_RPReplay_Final1705853880,track_2,49,0.0355380300660522,0.0370668387230561,1,stroke,1,0
011_RPReplay_Final1705854387,track_1,61,-0.123680747,0.2283260282434401,1,tap,1,0
011_RPReplay_Final1705854387,track_2,59,0.1220546294066865,0.3199891368463888,1,tap,1,0
012_RPReplay_Final1705854473,track_4,12,-0.207474169,0.2430983533461888,1,stroke,1,0
012_RPReplay_Final1705854473,track_3,10,-0.061653953,0.1277365416288375,1,stroke,1,0
013_RPReplay_Final1705854585,track_1,57,-0.076125979,0.1986287444045669,1,hug,1,-1
013_RPReplay_Final1705854585,track_2,49,-0.200316225,0.1073872843871311,1,hug,1,-1
014_RPReplay_Final1705854738,track_1,71,-0.133390615,0.2252374257839901,0,tap,0,0
014_RPReplay_Final1705854738,track_2,71,-0.187145112,0.305822770780241,0,tap,0,0
016_RPReplay_Final1705854917,track_1,47,-0.198711044,0.2422365422578568,1,hug,1,1
016_RPReplay_Final1705854917,track_8,36,-0.137550913,0.2215459911773602,1,hug,1,1
017_RPReplay_Final1705855028 2,track_3,41,0.0308725054307681,0.1638558261641642,1,kiss,1,1
017_RPReplay_Final1705855028 2,track_5,14,-0.091600212,0.0942785617496286,1,kiss,1,1
022_RPReplay_Final1705944150,track_1,128,0.4439099575392902,0.1883446106803603,1,handshake,1,1
022_RPReplay_Final1705944150,track_24,35,0.3826536076409476,0.0808506493057523,1,handshake,1,1
023_RPReplay_Final1705944216,track_1,159,-0.328364277,0.1731901185692481,1,kiss,1,1
023_RPReplay_Final1705944216,track_2,50,-0.101221096,0.1415871658921241,1,kiss,1,1
024_RPReplay_Final1705944236,track_2,163,-0.02966253,0.0331166820840601,1,pat,1,1
024_RPReplay_Final1705944236,track_1,158,0.5190669225080858,0.1284730602763121,1,pat,1,1
025_RPReplay_Final1705944265,track_1,150,-0.265505182,0.172774590998888,-1,slap,-1,0
027_RPReplay_Final1705944880,track_1,163,-0.039230578,0.1755399912870003,1,hug,1,1
027_RPReplay_Final1705944880,track_2,125,-0.242572766,0.1665399975180626,1,hug,1,1
029_RPReplay_Final1705945173,track_1,163,0.2616081039415546,0.1690210616387472,-1,slap,-1,0
029_RPReplay_Final1705945173,track_3,16,0.0354385785758495,0.1919059287756681,-1,slap,-1,0
030_RPReplay_Final1705945426,track_1,151,0.0230648396721738,0.2048687335375129,1,stroke,1,1
031_RPReplay_Final1705945629,track_2,166,-0.260883531,0.1091118834643478,1,lean,1,1
031_RPReplay_Final1705945629,track_1,164,-0.225355468,0.1527606386055306,1,lean,1,1
032_RPReplay_Final1705946002,track_2,156,0.1358103164209005,0.2134462997603874,1,kiss,1,1
032_RPReplay_Final1705946002,track_1,99,0.0229882317962068,0.3219767455199752,1,kiss,1,1
033_RPReplay_Final1705946530,track_3,163,-0.053799601,0.2298417283347779,0,pat,0,0
033_RPReplay_Final1705946530,track_1,53,-0.233249446,0.1652891440492755,0,pat,0,0
034_RPReplay_Final1705946622,track_5,135,0.1142559092905786,0.2050199497629095,0,touch,0,0
034_RPReplay_Final1705946622,track_15,89,-0.035389297,0.403036415828078,0,touch,0,0
035_RPReplay_Final1705946722,track_1,162,0.1021080646709895,0.0023624179079944,1,stroke,1,1
035_RPReplay_Final1705946722,track_2,161,-0.06257082,0.0618241043842357,1,stroke,1,1
036_RPReplay_Final1705947265,track_2,124,-0.096911426,0.2304027740873636,0,touch,0,0
037_RPReplay_Final1705947393,track_1,124,-0.20941502,0.0523256535731977,0,stroke,0,0
037_RPReplay_Final1705947393,track_8,42,-0.467724832,0.1821333682608036,0,stroke,0,0
039_RPReplay_Final1705947734,track_29,65,-0.280236795,0.0297761072333042,0,pat,0,0
039_RPReplay_Final1705947734,track_2,37,-0.259137158,0.2728637350169388,0,pat,0,0
040_RPReplay_Final1705947762,track_1,162,-0.137214916,0.156652244520776,-1,slap,-1,-1
040_RPReplay_Final1705947762,track_2,147,0.0060775207013499,0.2288497630126622,-1,slap,-1,-1
042_RPReplay_Final1705947843,track_1,136,-0.542072067,0.2398979860522291,-1,hug,1,-1
047_RPReplay_Final1705949939,track_1,100,0.1151395849138498,0.2483334659785032,1,pat,1,1
048_RPReplay_Final1705950239,track_1,56,-0.125522117,0.1585687191358634,0,touch,0,0
048_RPReplay_Final1705950239,track_6,41,-0.051453361,0.2939820109707553,0,touch,0,0
050_RPReplay_Final1705958765,track_1,114,-0.108214502,0.0364939510953008,1,clap,1,1
051_RPReplay_Final1705958812,track_1,158,-0.126824266,0.2293456192069415,-1,push,-1,-1
053_RPReplay_Final1705959250,track_1,119,0.1207183400372497,0.2646884051065485,0,touch,0,-1
053_RPReplay_Final1705959250,track_2,113,0.1725737036461323,0.0554531258160034,0,touch,0,-1
054_RPReplay_Final1705959288,track_1,148,-0.14260014,0.1697670753944564,1,touch,1,0
054_RPReplay_Final1705959288,track_2,64,0.0053240822162479,0.2497521747136488,1,touch,1,0
056_RPReplay_Final1705959550,track_1,170,-0.16052154,0.129412920247106,0,tap,0,0
057_RPReplay_Final1705959922,track_1,161,-0.101411565,0.2373009923822391,-1,stroke,0,-1
057_RPReplay_Final1705959922,track_2,44,-0.440189747,0.0188655531541867,-1,stroke,0,-1
058_RPReplay_Final1705959966,track_1,163,-0.147596373,0.1718698899530194,1,touch,1,-1
058_RPReplay_Final1705959966,track_2,163,-0.05795833,0.3974157381642815,1,touch,1,-1
059_RPReplay_Final1705960140,track_2,170,0.133662244370755,0.2239239982384092,1,pat,1,1
059_RPReplay_Final1705960140,track_1,162,-0.024812759,0.2005594616502891,1,pat,1,1
060_RPReplay_Final1705960169,track_2,108,-0.043137257,0.1692067260543505,1,hug,1,1
060_RPReplay_Final1705960169,track_1,75,0.1961990287899971,0.0880258495608965,1,hug,1,1
061_RPReplay_Final1705960208,track_8,56,0.0360093958941953,0.0867640690079757,1,hug,1,0
061_RPReplay_Final1705960208,track_2,29,0.1597242242303387,0.0530913649448033,1,hug,1,0
062_RPReplay_Final1705960287,track_4,52,-0.149154437,0.0750366205779405,1,hug,1,1
063_RPReplay_Final1705960478,track_1,104,0.0310650878370954,0.2130227139076361,1,hug,1,1
063_RPReplay_Final1705960478,track_11,40,-0.101380727,0.1270310727879405,1,hug,1,1
064_RPReplay_Final1705960497,track_1,159,0.1581781186960028,0.1027548545092906,1,stroke,1,1
064_RPReplay_Final1705960497,track_3,157,0.1368232106991634,0.2377803203216783,1,stroke,1,1
066_RPReplay_Final1705960573,track_2,45,-0.034263277,0.1836660871903101,-1,push,-1,-1
067_RPReplay_Final1705960894,track_1,109,0.0126959887256316,0.3191851121843408,1,kiss,1,1
067_RPReplay_Final1705960894,track_7,29,-0.124718296,0.1568818575349347,1,kiss,1,1
068_RPReplay_Final1705977731,track_1,157,-0.426806253,0.4143356301222637,-1,stroke,1,-1
068_RPReplay_Final1705977731,track_2,138,0.0527710653841495,0.2269095549008984,-1,stroke,1,-1
070_RPReplay_Final1705977860 2,track_14,31,-0.118775429,0.1710833923951272,1,kiss,1,1
070_RPReplay_Final1705977860 2,track_2,29,-0.025035676,0.1925979873229717,1,kiss,1,1
071_RPReplay_Final1705977860,track_6,94,-0.07886142,0.1524794303039287,1,touch,1,1
073_RPReplay_Final1705977945,track_1,74,-0.061429201,0.2199725005272272,1,hug,1,1
073_RPReplay_Final1705977945,track_3,19,0.7368542579443831,0.1909808900795485,1,hug,1,1
075_RPReplay_Final1705977987 3,track_2,166,-0.248614915,0.2092123585921454,0,touch,0,0
075_RPReplay_Final1705977987 3,track_1,117,-0.425695295,0.2527619886220011,0,touch,0,0
076_RPReplay_Final1705977987,track_2,124,-0.181264319,0.270751568098222,-1,slap,-1,-1
076_RPReplay_Final1705977987,track_1,56,-0.567502873,0.1295293115877679,-1,slap,-1,-1
077_RPReplay_Final1705978148,track_1,165,-0.076928936,0.1737475494995261,-1,slap,-1,-1
077_RPReplay_Final1705978148,track_2,161,0.0296371145555691,0.064893442558946,-1,slap,-1,-1
078_RPReplay_Final1705978173,track_1,155,0.0113864711696101,-0.031825963,1,stroke,1,1
078_RPReplay_Final1705978173,track_2,155,0.1591152203659857,0.0789092072556095,1,stroke,1,1
080_RPReplay_Final1705978264,track_19,86,0.1936931842288305,-0.033859706,1,hug,1,1
080_RPReplay_Final1705978264,track_2,81,0.1708892152449231,0.115982838710885,1,hug,1,1
082_RPReplay_Final1705978395,track_1,142,-0.280370539,0.1101150878928077,1,touch,1,0
082_RPReplay_Final1705978395,track_6,89,0.0507057656565409,0.1506945411308428,1,touch,1,0
083_RPReplay_Final1705978581,track_1,87,0.1856754531805542,0.2274485220169199,-1,push,-1,-1
083_RPReplay_Final1705978581,track_3,54,-0.336709953,0.1754619737190229,-1,push,-1,-1
084_RPReplay_Final1705978599,track_1,37,-0.048191157,0.2532479146847853,-1,push,-1,-1
087_RPReplay_Final1705978957,track_3,140,-0.227857808,0.1654718132955687,-1,slap,-1,-1
087_RPReplay_Final1705978957,track_2,137,-0.224147442,0.167756467894481,-1,slap,-1,-1
088_RPReplay_Final1705983268,track_2,168,0.0982451529818631,0.3147071949428036,1,clap,1,1
088_RPReplay_Final1705983268,track_3,15,-0.077624237,0.1145924126108487,1,clap,1,1
089_RPReplay_Final1705983306,track_2,164,-0.109017999,0.1177636056956721,1,kiss,1,1
089_RPReplay_Final1705983306,track_1,147,-0.150668199,0.3218112195126053,1,kiss,1,1
090_RPReplay_Final1705983326,track_2,147,0.3525453663500799,0.112402609264364,1,kiss,1,1
090_RPReplay_Final1705983326,track_18,20,-0.130221882,0.101480434462428,1,kiss,1,1
091_RPReplay_Final1705983408,track_1,155,0.0684382841712044,0.0826858122021921,1,hold,1,1
091_RPReplay_Final1705983408,track_2,155,0.0462996259812385,0.1948340640914055,1,hold,1,1
092_RPReplay_Final1705983498,track_1,148,-0.075680708,0.2956708082677545,1,hug,1,-1
093_RPReplay_Final1705983694,track_1,162,-0.435255769,0.3950432068955751,0,touch,0,0
093_RPReplay_Final1705983694,track_2,140,-0.073363283,0.2418691122638328,0,touch,0,0
094_RPReplay_Final1705983869,track_3,153,0.0949603641539617,0.0877005191020716,1,kiss,1,1
094_RPReplay_Final1705983869,track_1,133,-0.21379898,0.1518716661441595,1,kiss,1,1
095_RPReplay_Final1705984002,track_2,161,-0.134459114,0.355595670455361,0,pat,0,0
095_RPReplay_Final1705984002,track_1,134,-0.281031997,0.1296277663934586,0,pat,0,0
096_RPReplay_Final1705984084,track_2,111,0.0442696811782347,0.0773837213312183,1,pat,1,1
096_RPReplay_Final1705984084,track_17,58,0.1967205012152935,0.0174018768914814,1,pat,1,1
097_RPReplay_Final1705984242,track_1,152,0.0275868923942509,0.1126122483983635,1,hug,1,0
097_RPReplay_Final1705984242,track_34,36,-0.000829548,0.1465154194997416,1,hug,1,0
098,track_1,47,-0.192544242,0.1276565097430919,0,touch,0,0
098,track_4,13,0.0627101441988578,0.2911796008165066,0,touch,0,0
099_RPReplay_Final1705987454,track_34,160,0.3656558531802147,0.3090967010706663,1,clap,1,-1
099_RPReplay_Final1705987454,track_51,137,-0.076358202,0.3676238775688366,1,clap,1,-1
100_RPReplay_Final1705987522,track_24,148,-0.180080343,0.1865043272138447,1,hug,1,1
100_RPReplay_Final1705987522,track_26,148,0.1201950649957399,0.0638961407884552,1,hug,1,1
101,track_2,75,0.0038289380073547,0.1884447046120961,1,touch,1,1
101,track_3,65,-0.063223612,0.2907893156776061,1,touch,1,1
102_RPReplay_Final1705987557,track_4,123,-0.017225109,0.2553202244566708,1,hug,1,1
105_RPReplay_Final1705988666,track_1,165,-0.094045446,0.0572096918116916,0,touch,1,1
105_RPReplay_Final1705988666,track_2,162,-0.060949572,0.278081900589628,0,touch,1,1
106_RPReplay_Final1705988707,track_4,108,-0.001384583,0.1531968318201877,1,hug,1,1
106_RPReplay_Final1705988707,track_7,22,0.0406058417125181,0.0128622857684438,1,hug,1,1
107_RPReplay_Final1705988742,track_1,159,-0.067613902,0.2314560622351724,0,touch,0,0
107_RPReplay_Final1705988742,track_2,124,0.0110402946630793,0.1655737097345052,0,touch,0,0
108_RPReplay_Final1705988846,track_1,156,-0.14253091,0.3000778964696786,-1,pull,-1,-1
108_RPReplay_Final1705988846,track_6,97,0.1355751040055579,0.2250475903454515,-1,pull,-1,-1
110_RPReplay_Final1705988941 2,track_1,164,-0.387809302,0.4465179283444474,0,touch,1,0
110_RPReplay_Final1705988941 2,track_3,82,0.002532321232848,0.2037824492265538,0,touch,1,0
111_RPReplay_Final1705988941,track_1,52,0.0519365704116913,0.1581130833006822,1,hug,1,1
111_RPReplay_Final1705988941,track_5,24,-0.038123589,0.2100715655833482,1,hug,1,1
113_RPReplay_Final1705989372,track_8,128,0.0025537329784128,0.147934956185054,1,pull,1,-1
113_RPReplay_Final1705989372,track_2,124,0.107639642792844,0.2225264319849591,1,pull,1,-1
114_RPReplay_Final1705989475,track_1,165,-0.05076613,0.1921710922862544,1,touch,-1,0
114_RPReplay_Final1705989475,track_2,165,-0.241423688,0.0615549638867378,1,touch,-1,0
116_RPReplay_Final1705989531,track_1,55,0.0069740246642719,0.1243115896528417,1,hug,1,1
117_RPReplay_Final1705989555,track_1,60,0.0267881161222855,0.1784889604896307,1,hug,1,1
117_RPReplay_Final1705989555,track_34,12,-0.009040765,0.3071294936041037,1,hug,1,1
118_RPReplay_Final1706026674,track_1,16,0.0580790173262357,0.236604968085885,1,kiss,1,1
119_RPReplay_Final1706026723,track_2,156,-0.175710526,0.2770293939572114,1,kiss,1,1
119_RPReplay_Final1706026723,track_6,51,-0.14995293,0.1881620983282725,1,kiss,1,1
121_RPReplay_Final1706026865 2,track_1,163,0.4309788530955285,0.240330671468761,1,hug,1,1
122_RPReplay_Final1706026865,track_1,92,0.114769278175157,0.3904594009661156,1,kiss,1,1
122_RPReplay_Final1706026865,track_6,62,0.2577619875871366,-0.013894439,1,kiss,1,1
124_RPReplay_Final1706027208,track_7,32,-0.264266708,0.1139791652094572,1,hug,1,1
124_RPReplay_Final1706027208,track_2,19,-0.303732647,0.0368198822987707,1,hug,1,1
126_RPReplay_Final1706029189,track_1,71,0.0539344080107312,0.0831936501281362,1,tap,1,1
126_RPReplay_Final1706029189,track_2,69,-0.029980207,0.3774467049085576,1,tap,1,1
127_RPReplay_Final1706029315,track_1,71,0.4541781559376649,0.5634878174939626,-1,push,1,-1
127_RPReplay_Final1706029315,track_5,18,0.0100080478522512,0.2502672614322768,-1,push,1,-1
128_RPReplay_Final1706029589,track_1,71,-0.137863113,0.101366043615509,1,kiss,1,1
128_RPReplay_Final1706029589,track_2,70,0.0864236316510609,0.081035860308579,1,kiss,1,1
129,track_2,47,-0.040866406,0.2153971905403948,0,pat,0,0
129,track_1,44,-0.208492221,0.0232320322909138,0,pat,0,0
130_RPReplay_Final1706029843,track_2,70,0.1544850789010524,0.2255242183804512,1,touch,1,1
131_RPReplay_Final1706030023,track_1,68,-0.299325784,0.1419559319448821,1,touch,-1,0
131_RPReplay_Final1706030023,track_9,19,-0.190269722,0.2013143602954714,1,touch,-1,0
132_RPReplay_Final1706030067,track_2,70,-0.154259995,0.1661351769098213,1,hug,1,-1
132_RPReplay_Final1706030067,track_1,37,-0.287783255,0.2264959359088459,1,hug,1,-1
134_RPReplay_Final1706030187,track_2,50,0.2151611512899398,-0.020350329,1,hug,1,1
134_RPReplay_Final1706030187,track_7,24,0.1163564932843049,0.109556982293725,1,hug,1,1
135_RPReplay_Final1706030362,track_2,61,0.1222128230528753,0.0563108764710973,1,hug,1,1
136_RPReplay_Final1706042816,track_1,95,0.1995567282563761,0.176569101292836,-1,punch,-1,-1
137_RPReplay_Final1706042888,track_1,71,-0.140064056,0.2628928917184682,0,touch,0,0
137_RPReplay_Final1706042888,track_2,67,-0.242532319,0.1144166704434067,0,touch,0,0
138_RPReplay_Final1706043159,track_1,29,0.1183418305269603,0.1384232696788064,-1,push,-1,-1
139_RPReplay_Final1706043255,track_1,61,-0.462149978,0.4123776502540854,-1,push,-1,-1
139_RPReplay_Final1706043255,track_21,22,-0.189020239,0.1398609402504834,-1,push,-1,-1
140_RPReplay_Final1706043282,track_2,51,-0.094975843,0.25377463973036,-1,push,-1,-1
140_RPReplay_Final1706043282,track_3,40,-0.458400445,0.2833298096433282,-1,push,-1,-1
142_RPReplay_Final1706043532,track_1,55,-0.142426003,0.2363062555139715,1,hug,1,1
142_RPReplay_Final1706043532,track_3,41,0.6356352531328434,0.0589194052466532,1,hug,1,1
143_RPReplay_Final1706043591,track_1,60,0.4592754919081926,0.0990527734160423,1,pat,1,1
143_RPReplay_Final1706043591,track_2,14,0.0497357281191008,-0.000503564,1,pat,1,1
146_RPReplay_Final1706044219,track_6,15,-0.27490224,0.1898919930060704,1,pull,1,-1
148_RPReplay_Final1706044279,track_38,27,-0.211936837,0.3200099677951247,1,pull,1,-1
148_RPReplay_Final1706044279,track_22,23,-0.083129051,0.2666899063017057,1,pull,1,-1
150_RPReplay_Final1706044369,track_2,70,0.046781105015959,0.1851736405066081,1,kiss,1,1
150_RPReplay_Final1706044369,track_4,58,-0.138102977,0.2473601209449357,1,kiss,1,1
151_RPReplay_Final1706045368,track_1,158,0.1374812996651553,0.0286009927527814,1,stroke,1,-1
151_RPReplay_Final1706045368,track_4,158,-0.031537886,0.0532558099661446,1,stroke,1,-1
152_RPReplay_Final1706045587,track_3,174,0.027150014137057,0.1338861790624843,0,hold,1,1
152_RPReplay_Final1706045587,track_1,170,-0.041140317,0.238811012576608,0,hold,1,1
155_RPReplay_Final1706045826,track_2,141,-0.200933496,0.3250089493309352,0,touch,0,0
157_RPReplay_Final1706045947,track_1,167,-0.002188164,0.2515504450765912,0,touch,1,-1
157_RPReplay_Final1706045947,track_2,167,-0.156473828,0.305481362307143,0,touch,1,-1
158_RPReplay_Final1706046109,track_1,115,-0.067055427,0.0909643607942954,0,touch,1,0
158_RPReplay_Final1706046109,track_22,29,0.0421803698971353,0.2900645889598748,0,touch,1,0
159_RPReplay_Final1706046386,track_4,159,-0.196364727,0.1648518010599058,0,hold,0,0
159_RPReplay_Final1706046386,track_18,34,-0.075983848,0.0962266082711079,0,hold,0,0
160_RPReplay_Final1706046466,track_1,156,0.1543393888248083,0.1726916920489225,1,hold,1,1
162_RPReplay_Final1706046632,track_1,117,-0.172364917,0.3050183588877702,0,hold,0,-1
162_RPReplay_Final1706046632,track_9,57,-0.171472322,0.3091698545112945,0,hold,0,-1
163,track_2,28,-0.238029457,0.3300040664949587,-1,punch,-1,-1
163,track_8,19,-0.000923816,0.3282709945189325,-1,punch,-1,-1
164_RPReplay_Final1706046711,track_2,22,0.1049434969371015,0.0911142165687951,1,hug,1,1
167_RPReplay_Final1706046871,track_1,93,-0.018591085,0.2481425390128166,1,clap,1,1
167_RPReplay_Final1706046871,track_3,93,-0.016458585,0.2638119759578858,1,clap,1,1
168_RPReplay_Final1709913083,track_1,93,0.3716413011794449,0.4802865696049506,1,hold,1,1
168_RPReplay_Final1709913083,track_2,93,0.5284042647609146,0.1417549810903046,1,hold,1,1
170_RPReplay_Final1709913245 3,track_1,66,-0.348325405,0.2607128862856012,0,pat,0,0
170_RPReplay_Final1709913245 3,track_2,66,0.0929959585720842,0.1701866312686241,0,pat,0,0
171_RPReplay_Final1709913245,track_1,38,-0.060924098,0.2494908771232555,1,hug,1,1
172_RPReplay_Final1709913633,track_1,41,0.254301526561016,0.3210619115611402,0,pat,1,0
174_RPReplay_Final1709914216,track_1,62,-0.427507307,0.145607138833692,1,pat,1,1
175_RPReplay_Final1709914839,track_1,73,-0.064670554,0.1279300157337972,1,touch,1,0
175_RPReplay_Final1709914839,track_2,72,-0.027571054,0.2905975691974163,1,touch,1,0
176_RPReplay_Final1709915069,track_2,57,-0.175352628,0.3004130556395179,0,pat,0,0
176_RPReplay_Final1709915069,track_1,48,-0.068234431,0.3370034036537011,0,pat,0,0
178_RPReplay_Final1709943192,track_7,37,-0.05837437,0.1838218189171842,1,pat,1,1
181_RPReplay_Final1709943776,track_1,71,-0.012275158,0.0472491577687397,0,touch,1,0
181_RPReplay_Final1709943776,track_5,27,0.005879098618472,0.2972195501680727,0,touch,1,0
182_RPReplay_Final1709943883,track_1,62,-0.263047132,0.1454988754084033,-1,pat,-1,-1
183_RPReplay_Final1709944148,track_2,43,-0.089023054,0.4265997392493625,-1,pull,-1,-1
183_RPReplay_Final1709944148,track_9,22,0.0055288276211781,0.4448075714436444,-1,pull,-1,-1
184_RPReplay_Final1709944311,track_1,94,-0.056853774,0.0955750573664269,-1,push,-1,-1
184_RPReplay_Final1709944311,track_2,94,-0.254007571,0.215753268846806,-1,push,-1,-1
185_RPReplay_Final1709944784,track_1,95,0.1266040082824857,0.1215962578591547,1,hug,1,1
185_RPReplay_Final1709944784,track_2,50,-0.038507565,0.0936241196095943,1,hug,1,1
186_RPReplay_Final1709944845,track_1,56,0.100322495081595,0.0979107483955366,-1,pull,-1,-1
186_RPReplay_Final1709944845,track_10,15,0.0672645345330238,0.2316380848487218,-1,pull,-1,-1
188_RPReplay_Final1709946132,track_4,48,0.2296158194852372,0.2401299596143265,-1,push,-1,-1
188_RPReplay_Final1709946132,track_2,20,-0.229296377,0.519747681543231,-1,push,-1,-1
189_RPReplay_Final1709946776,track_1,71,-0.123496923,0.1124875993585922,0,pat,1,0
189_RPReplay_Final1709946776,track_2,58,-0.070917291,0.2367085300642868,0,pat,1,0
190_RPReplay_Final1709946987,track_1,78,-0.118511959,0.1271767507378871,0,pat,0,0
190_RPReplay_Final1709946987,track_2,78,-0.337046876,0.1119538586682234,0,pat,0,0
192,track_1,172,-0.191811863,-0.143921201,1,pat,1,0
192,track_2,172,-0.25009754,0.2989239694420681,1,pat,1,0
193,track_1,87,-0.090350923,0.2661057853664474,-1,hold,-1,-1
193,track_11,75,0.0114878020683924,0.0937210009495417,-1,hold,-1,-1
194,track_1,71,0.2581019510685558,0.1448329269466265,1,clap,1,1
194,track_2,59,-0.399904866,0.104370854416136,1,clap,1,1
195,track_1,14,-0.090778585,-0.006136864,1,push,1,1
195,track_2,13,0.465367704629898,0.0101904313151653,1,push,1,1
196,track_1,85,-0.095007483,0.1574580023393911,0,touch,0,1
196,track_4,28,0.034350505896977,0.2531424263226134,0,touch,0,1
198,track_2,60,-0.191378681,0.2168882658084233,-1,grab,-1,-1
198,track_1,56,-0.129083089,0.2760521762871316,-1,grab,-1,-1
199,track_2,17,-0.12603649,0.1396996475317899,-1,slap,-1,-1
200,track_1,51,0.0043581265444849,0.1517357821850215,1,kiss,1,1
200,track_14,17,0.0428221756044556,0.0398449468262055,1,kiss,1,1
202,track_3,80,-0.205529383,0.2370150501839816,-1,stroke,-1,-1
205,track_1,73,0.0936355364241012,0.1246587833108967,1,pat,1,1
205,track_2,73,-0.092031023,0.06508827556486,1,pat,1,1
206,track_1,72,-0.153712599,0.1892824657261371,1,stroke,1,1
207,track_1,68,-0.424456598,0.4137939844718751,0,stroke,0,0
207,track_2,46,-0.077024542,0.2438479610111402,0,stroke,0,0
208,track_13,26,-0.008992663,0.2743342713667796,1,hug,1,1
208,track_1,16,-0.058384235,0.1628153184428811,1,hug,1,1
209,track_2,44,0.0305104431780901,0.0531973180107095,1,pat,1,1
210,track_5,39,-0.111150576,0.2428049506285251,1,hug,1,1
210,track_1,23,-0.168156048,0.1474248397609462,1,hug,1,1
211,track_1,70,-0.019355208,0.217909231356212,1,kiss,1,1
212,track_1,44,0.0984123423695564,0.2967914556237784,1,handshake,1,1
212,track_2,38,-0.072230043,0.2029620887417542,1,handshake,1,1
213,track_4,30,-0.495311401,0.2819251413146654,1,touch,1,1
214,track_5,52,0.1130625227322945,0.1873092244450862,1,hug,1,1
214,track_9,31,0.1471407043357049,0.2169740877805217,1,hug,1,1
215,track_1,93,-0.113424776,0.2173103370493458,0,stroke,1,0
215,track_2,93,0.0974757058085293,0.0860318431770929,0,stroke,1,0
218,track_1,71,-0.289082362,0.3490726137664956,1,stroke,1,1
218,track_3,50,0.1457373403012752,0.0602237805724144,1,stroke,1,1
219,track_1,58,-0.388006345,0.5521345744872915,1,hold,1,1
219,track_11,12,0.5576239377260208,0.1256200099984804,1,hold,1,1
220,track_9,21,-0.23207831,0.2891196338903336,1,kiss,1,1
221,track_1,26,-0.23859151,0.3452567498271282,-1,grab,-1,-1
221,track_14,14,-0.251426503,0.1649944888693945,-1,grab,-1,-1
222,track_1,72,0.1496264371607038,0.1431977419803539,0,hold,0,0
222,track_2,72,-0.12308714,0.2281595936252011,0,hold,0,0
223,track_2,62,0.0585612747217378,0.1358651127065381,1,kiss,1,1
223,track_9,25,0.014146180152893,0.1462151724100112,1,kiss,1,1
224,track_2,71,0.2172103615503915,0.3628992540105967,1,stroke,1,1
224,track_1,48,-0.201164394,0.321710162019978,1,stroke,1,1
225,track_1,95,0.0594646349549293,0.2352167107556995,1,handshake,1,1
225,track_2,84,-0.175764037,0.082225458341695,1,handshake,1,1
226,track_1,65,0.091869655251503,0.2749371322301718,1,pat,1,1
226,track_8,41,0.0105263120154055,0.2091532553114542,1,pat,1,1
227,track_4,16,-0.097699268,0.2198517881333828,-1,slap,-1,-1
227,track_1,12,-0.210825006,0.2684294699380795,-1,slap,-1,-1
228,track_2,71,-0.186110931,0.2402516716802624,0,hold,0,0
228,track_8,66,-0.069740884,0.1216677378750208,0,hold,0,0
229,track_1,71,-0.08029663,0.1840438742033192,1,hold,1,1
229,track_2,12,-0.058016367,0.1911069061607122,1,hold,1,1
230,track_1,66,-0.04581979,0.2452102814885703,1,kiss,1,1
232,track_1,70,0.0387445985206535,0.1333786169333117,-1,slap,-1,-1
232,track_3,55,0.0174403552304614,0.3342494810169393,-1,slap,-1,-1
233,track_1,55,0.0699553538452495,0.4018528661944649,1,kiss,1,1
233,track_8,15,0.5802369554837544,0.0917052562038103,1,kiss,1,1
234,track_3,51,0.026740833094307,0.0554207572165657,0,touch,0,0
234,track_5,19,-0.138141172,0.2476353610032483,0,touch,0,0
235,track_6,62,-0.006798198,0.3383726991953388,0,touch,0,0
236,track_1,24,-0.069103617,0.1841823185483614,1,hug,1,1
237,track_1,71,0.0536125257716212,0.0909853551379391,1,stroke,1,1
237,track_2,71,-0.038913853,0.0834504875918509,1,stroke,1,1
238,track_1,37,0.024642688096375,0.1123439772306261,1,stroke,1,1
239,track_1,55,-0.130087802,0.1632452428340912,1,stroke,1,1
239,track_5,14,-0.188469816,0.2347080941711153,1,stroke,1,1
240,track_1,52,-0.136144191,0.1829807594991647,1,stroke,1,1
240,track_2,51,-0.147764961,0.148958122029024,1,stroke,1,1
241,track_2,39,-0.094934143,0.3218290102787507,1,stroke,1,1
241,track_1,29,-0.452136716,0.473292326105052,1,stroke,1,1
242,track_11,10,-0.032223437,0.2185180947184562,1,stroke,1,1
242,track_9,10,-0.142885917,0.1615914836525917,1,stroke,1,1
243,track_2,63,-0.187242082,0.1779126009297749,0,touch,0,0
243,track_1,59,-0.465763618,0.2744790248699107,0,touch,0,0
244,track_2,47,-0.079734602,-0.054178439,1,stroke,1,1
244,track_1,21,-0.413652772,0.2334054034380685,1,stroke,1,1
245,track_1,71,0.1412682203759609,0.2413959368853502,0,pull,1,0
246,track_3,43,-0.119833981,0.2200651640115782,1,stroke,1,1
246,track_1,25,-0.203221378,0.1606548687815666,1,stroke,1,1
247,track_1,71,-0.336143814,0.1721352824652698,1,kiss,1,1
247,track_2,71,0.0900976553979054,0.2852224086371945,1,kiss,1,1
249,track_1,68,-0.088242346,0.144343201399726,1,hold,1,1
251,track_1,14,0.0056744515895843,0.3120387920311519,1,hug,1,1
252,track_1,161,0.0279364984551942,0.1874440091644755,1,stroke,1,1
252,track_3,136,0.0301018804311752,0.08077280497288,1,stroke,1,1
253,track_7,142,-0.349635183,-0.107965464,1,stroke,1,1
253,track_1,22,-0.154348195,0.0532864738594401,1,stroke,1,1
254,track_2,129,0.0757924068805783,0.1991826679355414,1,pat,1,1
254,track_1,125,-0.143702081,0.1722270414829254,1,pat,1,1
255,track_1,169,-0.161107092,0.1206141357150303,0,pat,0,0
255,track_6,55,0.0356373529542576,0.3638458002697338,0,pat,0,0
256,track_2,171,-0.069872878,0.1488235442087664,1,hug,1,0
256,track_1,136,-0.114683176,0.0701649376903386,1,hug,1,0
257,track_3,113,-0.49272083,0.4088361149208736,0,hold,0,0
257,track_4,113,-0.375840709,0.1643973113556879,0,hold,0,0
258,track_2,154,0.2604634942752974,0.2146680976760077,1,hug,1,1
258,track_1,31,0.01971473905348,0.2556330701035837,1,hug,1,1
259,track_2,129,0.081087400227092,0.1885161880952443,1,hug,1,1
259,track_8,85,0.0457328620202401,0.2848972147878478,1,hug,1,1
262,track_1,69,0.0277732472488845,-0.016359837,-1,stroke,1,-1
262,track_6,48,-0.103131992,0.1312174236712356,-1,stroke,1,-1
263,track_1,71,-0.175436452,0.1799805617668259,1,pat,1,1
263,track_2,62,-0.100065529,0.3467148737080635,1,pat,1,1
264,track_4,52,-0.236572168,0.2404511221326314,0,hug,0,0
264,track_1,17,-0.353105987,0.2323782667517662,0,hug,0,0
265,track_2,78,-0.212922825,0.0977089367806911,0,pat,0,0
266,track_4,51,0.1774731877387738,0.2890428222861944,0,stroke,0,0
266,track_5,14,-0.451365387,0.0539824685880116,0,stroke,0,0
267,track_1,70,-0.26852134,0.0407578636493001,0,pat,0,0
267,track_2,28,-0.002288901,0.1281780773507697,0,pat,0,0
268,track_1,71,0.0968131122874542,0.2106763351131493,-1,grab,-1,-1
268,track_8,19,-0.238271978,0.0577791152816069,-1,grab,-1,-1
269,track_1,74,0.0646840828294689,0.2156380778430281,1,tap,1,1
269,track_3,74,0.201510955755775,0.1877042448802574,1,tap,1,1
271,track_1,48,0.0143811162561178,0.166500797184805,1,kiss,1,1
272,track_2,41,0.2485556248121145,0.1298929703671758,1,pat,1,1
272,track_5,22,0.0409624237905849,0.1532820232889869,1,pat,1,1
275,track_1,71,-0.480262223,-0.085390318,0,pat,0,0
275,track_2,71,-0.107130195,0.0771334022283554,0,pat,0,0
276,track_2,69,-0.034239126,0.2925111671936685,1,hold,1,1
276,track_1,66,-0.265335765,0.1753579127517613,1,hold,1,1
277,track_1,69,0.0341456166428068,0.2429686005132785,1,pat,1,1
277,track_2,38,-0.065543557,0.2590388663505253,1,pat,1,1
278,track_1,71,-0.380968803,0.122594744071994,1,kiss,1,1
278,track_2,51,0.1937734036176812,0.3800205974017872,1,kiss,1,1
279,track_3,25,-0.276607271,0.1729884818196296,0,hold,0,-1
279,track_17,14,-0.257102157,0.1693073431296008,0,hold,0,-1
280,track_1,169,0.1370110473424725,0.0987896446204749,1,kiss,1,1
280,track_2,111,-0.026324456,0.1833636038475208,1,kiss,1,1
281,track_1,118,0.264368925117335,0.195241615933887,1,kiss,1,1
281,track_2,57,0.0405311385790507,0.0938952076330519,1,kiss,1,1
283,track_1,101,0.1522537272165317,0.1518443752780999,1,slap,1,1
283,track_2,96,0.0310983230204631,0.2687904350459575,1,slap,1,1
284,track_5,99,-0.009921535,0.2888367067683827,1,hug,1,1
285,track_2,127,-0.167370366,0.0647701849852959,0,hold,1,0
286,track_2,70,0.3746659024485519,0.1496417204184191,1,hug,1,1
287,track_5,39,-0.061694782,0.3054328234149859,1,hug,1,1
287,track_40,19,0.0814044416735046,0.0281680014572645,1,hug,1,1
288,track_11,35,-0.248672859,0.1591658658214977,-1,hold,-1,-1
288,track_1,27,-0.221640864,0.3106136037795632,-1,hold,-1,-1
289,track_1,53,-0.065967481,0.252932017141918,0,pat,0,0
290,track_2,52,-0.058087472,0.1969796535200797,0,pat,1,0
291,track_1,68,-0.134492515,0.158131087965825,1,kiss,1,1
291,track_4,47,-0.024166975,0.3374455953215031,1,kiss,1,1
292,track_1,57,-0.252183553,0.315005153940435,-1,hold,-1,-1
292,track_3,29,-0.001211916,0.2810089030656321,-1,hold,-1,-1
295,track_1,70,0.1294294057147843,0.2311634688505104,1,stroke,1,1
297,track_1,93,-0.21953599,0.2670283229440771,-1,hold,-1,-1
298,track_1,39,-0.200427951,0.247717896142067,1,hug,1,1
298,track_2,12,-0.156550889,0.2353709749877452,1,hug,1,1
300,track_1,69,0.2180661298874495,0.1955012972804083,1,kiss,1,1
301,track_2,88,0.2411557837304744,0.2159553727304393,0,pat,1,-1
301,track_1,70,-0.117647452,0.2320039291466985,0,pat,1,-1
304,track_15,33,-0.164640006,-0.005148088,-1,slap,-1,-1
305,track_1,71,-0.205639308,0.2054825832306499,1,kiss,1,1
305,track_2,26,0.0027142743078561,0.2212656555840602,1,kiss,1,1
307,track_1,70,-0.143851047,0.3538310314927782,1,handshake,1,1
307,track_5,11,0.0019059167666868,0.1929926296526735,1,handshake,1,1
310,track_2,83,-0.322579999,0.2138335143765771,0,stroke,0,0
310,track_1,80,0.0321099232882261,0.4552337609231472,0,stroke,0,0
314,track_1,48,-0.271655917,0.1750236681352059,1,hug,1,1
315,track_5,38,-0.046544,0.1589713982845607,1,touch,1,1
315,track_2,32,0.005743988789618,0.1894885350484401,1,touch,1,1
316,track_2,71,-0.125252632,0.1852392063174449,0,pat,0,0
316,track_3,71,-0.065727577,0.2352426607214229,0,pat,0,0
317,track_4,68,-0.207426831,0.1666590913253672,1,hug,1,1
317,track_2,13,-0.139745442,0.2161868031208332,1,hug,1,1
319,track_1,68,-0.190067865,0.2366018653573358,1,pat,1,-1
319,track_2,21,-0.545589453,0.1946468690321559,1,pat,1,-1
321,track_1,75,0.1437853833039601,0.5253512823581695,0,tap,0,1
321,track_2,58,-0.054765096,0.0484581760548312,0,tap,0,1
322,track_2,71,-0.396252745,0.1636933078858214,0,pat,0,0
322,track_1,42,-0.348068993,0.3241211995482445,0,pat,0,0
324,track_1,71,0.1051174055942347,0.1959613403174239,1,hug,1,1
324,track_2,54,0.0405804025768129,0.4579928597366368,1,hug,1,1
325,track_1,71,-0.400953097,0.4215944413567932,1,lean,1,1
325,track_2,71,-0.121723752,0.1653224345244152,1,lean,1,1
326,track_10,47,0.1225462625635431,0.1549891518785598,1,tap,1,1
326,track_8,47,-0.171022494,0.4824378350947765,1,tap,1,1
327,track_3,72,-0.190940385,0.2011173086033927,0,stroke,0,0
327,track_2,66,-0.174325518,0.1903600735646305,0,stroke,0,0
328,track_1,80,-0.258482469,0.0615849552676081,0,tap,0,0
328,track_2,53,-0.087323522,0.1415666859104948,0,tap,0,0
329,track_10,21,0.0188711778748603,0.3053280242851802,1,clap,1,1
330,track_9,40,-0.092470204,0.2444742452353239,1,hug,1,1
330,track_2,32,0.1612323056906461,0.0446744586806744,1,hug,1,1
332,track_1,71,-0.335983866,0.2478776418826949,0,pat,0,0
332,track_2,70,-0.108565913,0.1388545074633189,0,pat,0,0
333,track_3,58,0.2297434100303156,0.1535103798940263,1,pat,1,1
333,track_2,35,-0.231968258,0.3299885962690626,1,pat,1,1
334,track_1,80,-0.031745017,0.2601774249225855,1,lean,1,1
334,track_2,65,0.034879032923625,0.24537385060237,1,lean,1,1
335,track_1,71,0.1789123349836175,0.1765740833861727,1,pat,1,1
335,track_2,66,0.3503204091931834,0.0855753669007258,1,pat,1,1
337,track_1,86,-0.110382943,0.2903657269685767,0,touch,0,0
337,track_2,55,-0.060407149,0.1501588549126278,0,touch,0,0
338,track_3,165,-0.012059874,0.2192791760870904,1,hug,1,0
338,track_2,163,0.0310894344801917,0.3834585053789103,1,hug,1,0
339,track_3,90,0.0424353611138131,-0.003778554,1,kiss,1,1
339,track_7,51,-0.064042013,0.0530635499778915,1,kiss,1,1
340,track_2,121,-0.277809289,-0.008494693,-1,push,-1,-1
340,track_1,46,-0.002207983,-0.057773595,-1,push,-1,-1
342,track_6,138,-0.051335704,0.2121810685249342,-1,pull,0,-1
342,track_27,13,-0.05789268,0.2420935733960225,-1,pull,0,-1
343,track_2,77,-0.373253635,0.3676789000436857,0,push,0,-1
343,track_1,11,-0.045474034,0.2212362120097333,0,push,0,-1
344,track_5,132,-0.138917312,0.2590509983852054,0,hold,0,0
345,track_2,153,-0.050169678,0.2678969312045309,1,pat,1,1
345,track_1,52,-0.231437314,0.0482945400648392,1,pat,1,1
347,track_5,18,0.0310927650166882,0.2789524288641082,1,hug,1,1
347,track_8,14,-0.129663792,0.123471876340253,1,hug,1,1
350,track_15,59,0.0804029107093811,0.153280225724487,1,hold,1,1
350,track_5,19,-0.069491577,0.2144255657729349,1,hold,1,1
352,track_1,138,-0.225410346,0.2115386104670124,-1,touch,-1,-1
352,track_2,135,-0.116998209,0.2489208773330405,-1,touch,-1,-1
353,track_4,162,-0.233075511,0.1738472413961534,0,touch,0,1
353,track_3,159,-0.183714569,0.2275454462418016,0,touch,0,1
355,track_1,43,-0.125578589,0.1507576359219329,1,push,1,1
355,track_9,27,-0.041981537,0.1660066495339075,1,push,1,1
356,track_1,92,0.1182789498859125,0.3022760356897893,1,kiss,1,1
356,track_2,67,-0.045648661,0.1600091285002765,1,kiss,1,1
358,track_1,72,-0.377668671,-0.119086774,1,stroke,1,-1
358,track_2,39,-0.202251455,0.0092009432040728,1,stroke,1,-1
359,track_1,11,-0.183378895,0.2162113040685653,-1,push,1,-1
359,track_10,10,0.0498168058693409,0.3878639668226242,-1,push,1,-1
360,track_7,45,-0.275518344,0.205980642636617,1,hold,1,1
360,track_9,32,-0.268351885,0.1845302511937916,1,hold,1,1
361,track_2,56,-0.053730984,0.188134997151792,1,hold,1,1
361,track_1,15,-0.010531176,0.2612576032678286,1,hold,1,1
362,track_1,60,-0.020626509,0.1574418923507134,1,hug,1,1
362,track_5,12,-0.026284749,0.2267431635409593,1,hug,1,1
363,track_24,55,-0.219021067,0.332808181643486,1,kiss,1,1
363,track_3,27,-0.048720618,0.1266899506251017,1,kiss,1,1
364,track_3,95,0.0194251614181618,0.2934491933176392,1,kiss,1,1
364,track_1,47,0.0872583471714182,0.243309015289266,1,kiss,1,1
365,track_1,160,0.1103479608893394,0.370498996367678,0,hold,0,0
367,track_1,165,-0.093399566,0.2725173673846505,0,hold,-1,1
367,track_9,70,-0.091680298,0.0421847804316452,0,hold,-1,1
368,track_2,127,-0.219050765,0.1415118725867722,1,kiss,1,1
368,track_1,122,0.1087080255517217,0.1566827069418352,1,kiss,1,1
369,track_3,157,-0.041814451,0.3210483829306949,1,hug,1,-1
371,track_1,153,-0.268944268,0.2791175436155468,0,hold,0,0
371,track_5,114,-0.038860393,0.2957246837516625,0,hold,0,0
373,track_5,144,-0.119701035,0.06068707899087,0,touch,0,0
373,track_1,13,-0.255168524,0.1769378850093254,0,touch,0,0
374,track_1,164,-0.131429296,0.2131361061389126,-1,push,-1,-1
375,track_13,113,-0.451782147,0.3678608232762961,-1,slap,-1,-1
375,track_11,32,-0.017017457,0.2390911413822323,-1,slap,-1,-1
376,track_8,141,-0.220410263,0.3558606152416121,-1,touch,-1,-1
376,track_13,136,-0.150137828,0.1949259613585822,-1,touch,-1,-1
382,track_32,12,0.0388223237047592,0.2409609903891881,-1,stroke,-1,-1
383,track_1,63,-0.088071458,0.1065371379492774,1,kiss,1,1
383,track_4,27,0.060016640358501,0.2438022737149839,1,kiss,1,1
384,track_1,162,0.0568672251646165,0.1214400198264622,1,hug,1,1
384,track_5,159,-0.146583154,0.2568224392971902,1,hug,1,1
386,track_4,99,0.0705867155332757,0.199308062367367,1,handshake,1,1
386,track_2,36,0.050784631839229,0.2295163476632701,1,handshake,1,1
388,track_2,159,-0.197747317,0.3329357573727391,0,pat,0,0
388,track_1,140,-0.25368133,0.1014185276414666,0,pat,0,0
390,track_2,155,0.1298840174992238,0.299474531844739,0,hold,0,0
390,track_1,99,-0.090786948,0.0720563036474314,0,hold,0,0
391,track_2,161,-0.042676285,0.2684340860162462,0,pat,0,0
391,track_1,159,-0.555949513,0.2374634550614927,0,pat,0,0
393,track_2,88,-0.232897638,0.1342205542393706,1,hug,1,1
394,track_1,160,-0.389136146,0.3781009884085506,1,hug,1,1
394,track_2,124,-0.142888359,0.2250825204556026,1,hug,1,1
395,track_1,85,-0.497888305,0.2236137984430088,0,pat,0,0
395,track_9,70,-0.408670815,0.0448764763772487,0,pat,0,0
397,track_3,128,-0.07208174,0.2602900750935077,1,hug,1,1
397,track_4,123,-0.129698184,0.1557006742653807,1,hug,1,1
398,track_1,100,-0.121347787,0.1153707986325025,1,pat,1,1
398,track_8,99,-0.049705776,0.0284880438085758,1,pat,1,1
399,track_1,153,-0.315834243,0.2594120316937858,1,hold,1,1
399,track_2,153,0.1150736937822859,0.2919047459278231,1,hold,1,1
400,track_1,162,-0.214047177,0.1793488312834575,1,stroke,1,1
400,track_2,158,-0.052664702,0.1837779905977128,1,stroke,1,1
401,track_1,155,-0.007928575,0.2604650677211823,1,slap,1,1
402,track_1,158,-0.248860163,0.1804942653714856,1,stroke,1,-1
402,track_13,17,0.0953984690063139,0.034156309769434,1,stroke,1,-1
403,track_13,100,-0.018120711,-0.039754971,1,hug,1,1
403,track_1,43,0.1965084391277889,0.0702125440503275,1,hug,1,1
404,track_1,157,-0.22986662,0.2751162279468433,0,pat,0,0
404,track_2,157,-0.038232013,0.3125297298097306,0,pat,0,0
405,track_14,58,-0.062941996,0.1442471349547649,-1,touch,1,-1
405,track_8,19,-0.17591981,0.1188225283434516,-1,touch,1,-1
407,track_2,19,0.0072906781968317,0.2632429991897784,-1,push,-1,-1
407,track_1,17,-0.043655944,0.2241531137157889,-1,push,-1,-1
408,track_1,159,0.533130130771571,0.1974377828011722,1,stroke,1,1
408,track_2,18,-0.051564044,0.0574867448045147,1,stroke,1,1
409,track_1,124,-0.30095668,0.142012047371076,-1,push,-1,-1
409,track_2,123,-0.136020001,0.2438467561714048,-1,push,-1,-1
414,track_1,162,-0.35435826,0.3484256108417923,1,clap,1,1
414,track_2,150,-0.009879493,0.3390915503104528,1,clap,1,1
415,track_2,137,0.0522440590345076,0.2229134781408484,0,touch,1,0
415,track_3,135,0.1351410135074898,0.3717447727918624,0,touch,1,0
416,track_1,153,-0.085237464,-0.015801302,0,stroke,0,0
418,track_2,72,-0.040660392,0.3228368061698145,0,touch,0,0
418,track_3,72,-0.038532849,0.1780966287478804,0,touch,0,0
419,track_1,52,-0.235954372,0.2650441796733783,0,hug,0,0
419,track_3,34,-0.250116056,0.262776994091623,0,hug,0,0
420,track_2,60,-0.037319563,0.2197556881854931,1,kiss,1,1
420,track_1,26,-0.176600567,0.1780303229506199,1,kiss,1,1
421,track_1,71,-0.015517113,0.0989561564695667,1,hug,1,1
422,track_1,32,-0.230060218,-0.027681413,1,kiss,1,1
422,track_8,28,0.1497097278812102,0.3081186759684767,1,kiss,1,1
424,track_2,156,-0.006879517,0.1842935093893454,-1,pull,-1,-1
424,track_1,143,-0.216764074,0.2144946065190788,-1,pull,-1,-1
425,track_1,158,-0.360721015,0.4113054597113706,1,stroke,1,1
425,track_2,158,-0.238070041,0.2545038113677049,1,stroke,1,1
426,track_15,49,-0.196414362,0.2216309754520046,1,hold,1,-1
427,track_6,18,-0.027515265,0.2505047669013341,1,stroke,1,1
427,track_8,18,-0.005884456,0.1809400282800197,1,stroke,1,1
428,track_1,158,-0.286520137,0.094885231290437,1,pat,1,1
428,track_3,132,-0.269222454,0.2468595466943401,1,pat,1,1
431,track_1,135,-0.082603052,0.0322297192834041,-1,hug,1,-1
431,track_4,54,-0.041599605,0.2252202577613018,-1,hug,1,-1
432,track_1,128,-0.113246107,0.1773253669962287,1,kiss,1,1
432,track_6,51,-0.058229396,0.1849198120774007,1,kiss,1,1
433,track_1,160,-0.040385312,0.1921044133137911,1,stroke,1,1
433,track_2,154,-0.018537329,0.1581578672706306,1,stroke,1,1
434,track_1,159,0.0449745844838754,0.0914751890601602,1,clap,1,1
434,track_5,44,0.1130651640282435,0.2043618676675991,1,clap,1,1
435,track_2,36,-0.153855078,0.1556066239459647,1,hug,1,1
436,track_1,163,-0.140123235,-0.006539681,1,stroke,1,-1
437,track_1,156,-0.286803133,0.2641779276040884,0,touch,0,0
437,track_2,69,-0.07281053,0.0785158479559248,0,touch,0,0
438,track_3,41,-0.295236381,0.0426427845547838,1,kiss,1,1
439,track_7,88,-0.104748832,0.204855786551806,1,stroke,1,1
439,track_1,37,-0.075770199,0.1205907760036958,1,stroke,1,1
440,track_1,148,0.0709181920549756,0.4219415818114538,0,stroke,1,-1
440,track_8,80,-0.119228047,0.0204698964953422,0,stroke,1,-1
441,track_1,17,-0.075006074,0.3176906748729594,1,kiss,1,1
441,track_6,16,0.1587786879390478,0.227320013102144,1,kiss,1,1
442,track_28,65,0.0940318856101769,0.2108019427611277,1,hug,1,1
444,track_3,111,-0.095702215,0.2088004265416849,1,kiss,1,1
444,track_1,18,0.1707195635471079,0.288610416981909,1,kiss,1,1
445,track_1,162,-0.361716272,0.2189217680766258,-1,slap,-1,-1
446,track_2,164,-0.005781059,0.2968565365526734,1,handshake,1,1
447,track_1,164,-0.181612686,0.1357591079956874,1,tap,1,1
447,track_2,164,-0.199626127,0.2181326263561481,1,tap,1,1
448,track_11,111,0.0821335280800724,0.1812459751963615,0,touch,0,0
448,track_12,108,-0.01954066,0.1597815312583137,0,touch,0,0
450,track_1,163,-0.137483186,0.2633324885295212,1,hug,1,1
452,track_1,140,-0.191584038,0.1987786996577467,1,kiss,1,1
452,track_8,80,-0.064143925,0.1855179007165134,1,kiss,1,1
455,track_1,168,-0.367152634,0.181226736821589,0,touch,0,0
455,track_2,168,-0.293690886,0.2578126172135983,0,touch,0,0
457,track_1,166,-0.070250271,0.1173040442707308,1,hug,1,1
458,track_1,162,-0.115496419,0.2793369233424281,-1,hold,1,-1
458,track_23,10,0.0720879793167114,0.3298519074916839,-1,hold,1,-1
459,track_4,84,-0.086246259,0.1086506709633838,0,stroke,0,0
459,track_5,84,0.0709101124888374,0.1097194759973457,0,stroke,0,0
460,track_1,146,-0.059315004,0.1858276889136392,0,hold,0,0
461,track_1,160,-0.147376112,0.2141822702717036,0,hold,0,0
461,track_9,95,-0.083785219,0.2461285825622709,0,hold,0,0
462,track_2,117,-0.055024624,0.1824861643915502,-1,hug,1,-1
462,track_1,26,-0.217290697,0.1261395482489695,-1,hug,1,-1
463,track_1,82,-0.072020494,0.1970784960360062,-1,hug,-1,-1
463,track_11,55,-0.043398753,0.1597300016067245,-1,hug,-1,-1
464,track_1,150,0.0946737900873025,0.1760527830322583,1,clap,1,1
465,track_2,153,-0.122343733,0.2037783776428185,-1,hold,-1,-1
465,track_1,12,0.0475740786641836,0.1027091573923826,-1,hold,-1,-1
467,track_1,163,-0.099445766,0.2142465345424377,1,hold,1,1
467,track_2,161,-0.252894561,0.2037923989921623,1,hold,1,1
470,track_1,12,0.0615215798219045,0.0602982056637605,-1,punch,-1,-1
471,track_1,159,-0.239348838,0.2026763619304453,1,hold,1,1
471,track_3,48,-0.071660388,0.255573599288861,1,hold,1,1
472,track_1,149,-0.151485312,0.2271826217238535,1,hold,1,1
472,track_21,60,-0.038058979,0.2743127282708883,1,hold,1,1
473,track_1,159,-0.211845387,0.1790113776641071,1,kiss,1,1
473,track_5,86,-0.042623055,0.1448075001149676,1,kiss,1,1
475,track_1,166,-0.088851334,0.305704142359725,1,stroke,1,1
476,track_13,147,-0.171153731,0.2247865019100053,1,stroke,1,1
476,track_28,24,-0.140690061,0.1275438473870357,1,stroke,1,1
477,track_2,105,-0.226188124,0.2977566858842259,1,stroke,1,1
477,track_1,53,0.0972908604538665,0.2343567664612014,1,stroke,1,1
478,track_1,80,0.2348429339006543,0.1780705412849784,1,kiss,1,1
478,track_10,58,-0.096156456,0.2010120886923938,1,kiss,1,1
479,track_1,162,-0.290890473,0.1597849692183512,1,handshake,1,1
479,track_2,162,-0.061223505,0.3552160011949362,1,handshake,1,1
480,track_1,141,-0.144103246,0.1245052054101693,1,touch,1,1
480,track_2,99,-0.114593821,0.1417260215890528,1,touch,1,1
481,track_2,143,-0.268730664,0.1703744254016376,1,hug,1,1
481,track_1,52,0.033466020025886,0.1963364739830677,1,hug,1,1
482,track_1,33,-0.143532254,0.0807549474817333,0,hug,0,0
483,track_4,126,-0.093937945,0.2898039059743049,0,hug,0,0
483,track_1,53,-0.090101286,0.2534555385135255,0,hug,0,0
484,track_5,41,-0.14495683,0.2169684128063481,-1,pull,1,-1
485,track_1,32,-0.04732273,0.0913700049277395,1,kiss,1,1
485,track_7,16,-0.539345615,0.0624854234047234,1,kiss,1,1
488,track_2,160,0.0476300346665084,0.1694165963679552,0,pat,0,0
488,track_1,159,0.0339317356687296,0.4969545840842169,0,pat,0,0
489,track_1,29,-0.263306927,0.1644354156892875,0,hug,0,0
490,track_1,157,-0.208327328,0.2604839151642125,-1,punch,-1,-1
490,track_2,153,-0.1023997,0.2030528346989669,-1,punch,-1,-1
491,track_1,164,-0.387565001,0.366642039768943,1,pat,1,1
491,track_2,163,-0.052833933,0.1069525563918008,1,pat,1,1
493,track_4,157,-0.070489918,0.3598860669762466,1,kiss,1,1
493,track_7,109,-0.078127005,0.0904782471170119,1,kiss,1,1
494,track_9,53,-0.054435796,0.1635427141808114,1,hug,1,1
494,track_1,21,-0.227195114,0.1253706986705462,1,hug,1,1
495,track_1,154,0.1833570849198799,0.1056886590630203,1,hug,1,1
495,track_5,17,-0.040027282,0.2541982426362879,1,hug,1,1
496,track_1,159,0.1802527891858568,0.2374871060158471,1,stroke,1,1
496,track_2,159,-0.495358998,0.3225677664268692,1,stroke,1,1
497,track_5,74,-0.121582057,0.2169355530593846,-1,kiss,1,-1
498,track_7,89,-0.141343273,0.139525634770313,-1,stroke,1,-1
498,track_2,42,0.0221937357314995,0.0541967359327134,-1,stroke,1,-1
499,track_1,159,-0.306083981,0.2628644708098855,0,stroke,1,0
499,track_2,159,-0.424417192,0.2836497557706803,0,stroke,1,0
500,track_1,157,-0.276704666,0.0450774045411948,1,pat,1,1
500,track_2,157,0.1071937571570372,0.1979860346882966,1,pat,1,1
501,track_1,106,-0.1308509,0.2706183792566353,0,touch,0,0
502,track_2,156,-0.078980664,0.2859900700740325,1,hug,1,1
503,track_4,140,-0.36362975,0.1609590696969202,-1,hug,1,-1
503,track_1,40,0.1914986135438084,0.0860921517014503,-1,hug,1,-1
504,track_1,108,-0.226607728,0.3121048199633757,-1,touch,1,-1
504,track_2,98,-0.019838717,0.3370786211168279,-1,touch,1,-1
505,track_8,82,0.0627658823277892,0.2759871376542056,1,hold,1,0
505,track_1,70,-0.303978903,0.1772754491439887,1,hold,1,0
506,track_1,157,-0.188321458,0.2432973848027028,-1,push,-1,-1
506,track_28,100,0.0430320499837398,0.3524482729285955,-1,push,-1,-1
509,track_1,155,-0.078727438,0.1447210619526524,1,stroke,1,0
510,track_3,147,-0.080319227,0.1864015401220646,1,clap,1,1
511,track_2,163,-0.180105019,0.1576328975108503,1,hold,1,1
511,track_1,123,-0.391325736,0.2440172093428247,1,hold,1,1
512,track_23,31,-0.035535366,0.3317439101876751,0,hold,0,0
513,track_2,160,0.0798968744929879,0.3483518149703741,0,touch,0,0
513,track_1,69,-0.303684602,0.3271417545451634,0,touch,0,0
514,track_2,157,0.2693894619395019,0.1247794136025343,1,handshake,1,1
514,track_1,104,-0.176000907,0.2969280911179689,1,handshake,1,1
515,track_1,74,0.0050982548981099,0.2883976937548534,0,pull,0,0
516,track_1,125,-0.438925684,0.1145904028415679,0,hug,-1,0
516,track_2,63,0.0317271727891195,0.2593402396591883,0,hug,-1,0
519,track_26,93,-0.105816167,0.313617977163484,1,hug,1,1
519,track_1,17,0.0080148393616956,0.1918691506280618,1,hug,1,1
520,track_1,165,-0.25334245,0.1910157695864186,-1,push,-1,-1
520,track_2,46,-0.03851557,0.2798281292552533,-1,push,-1,-1
521,track_1,137,-0.287782154,0.2493237937345122,-1,hold,-1,-1
521,track_2,136,0.0055963373469079,0.2553829168900847,-1,hold,-1,-1
523,track_2,65,-0.12959525,0.2761491783536397,-1,slap,-1,-1
523,track_1,61,-0.322643355,0.0148575434186419,-1,slap,-1,-1
524,track_1,163,-0.124118044,0.2669720232395307,0,hold,0,0
525,track_7,142,-0.109631591,0.1914576913269473,-1,stroke,-1,-1
525,track_6,137,-0.264817646,0.1898458079591284,-1,stroke,-1,-1
526,track_1,77,-0.296611017,0.1307989466306451,1,handshake,1,1
527,track_3,135,-0.152700319,0.1574987089192425,1,stroke,1,1
527,track_2,82,-0.249193098,0.2769547134819554,1,stroke,1,1
528,track_23,13,-0.063046469,0.2964632373589735,0,pat,0,0
529,track_2,162,-0.077386732,0.0852577221798308,-1,push,-1,-1
529,track_1,141,-0.18041661,0.1917911029242454,-1,push,-1,-1
530,track_2,157,-0.123733384,0.0955466447267562,1,touch,1,1
530,track_1,67,-0.051792775,0.3977800492030471,1,touch,1,1
531,track_1,92,-0.127952827,0.2654882834657379,-1,touch,-1,-1
531,track_2,89,-0.209487634,0.3181954026222229,-1,touch,-1,-1
532,track_3,132,-0.118452546,0.203864454263539,1,pull,1,1
532,track_2,63,-0.260273586,0.3598946407437324,1,pull,1,1
534,track_1,157,-0.32522743,0.2668150810489229,0,pat,0,0
534,track_2,157,-0.183813482,0.4187746790658896,0,pat,0,0
535,track_1,163,-0.166999201,0.155831877485009,-1,stroke,1,-1
535,track_5,90,-0.335470148,0.205647710379627,-1,stroke,1,-1
536,track_2,121,-0.09987889,0.2646658052959718,1,kiss,1,1
537,track_1,113,0.1186989133073165,0.0449976987015884,-1,push,-1,-1
537,track_5,45,-0.304161016,0.0962984881467289,-1,push,-1,-1
538,track_8,140,-0.097601631,0.2104221491409199,1,hug,1,1
538,track_1,76,-0.023796727,0.2330707270455987,1,hug,1,1
540,track_2,146,-0.179467877,0.3140510345668825,1,hug,1,1
541,track_1,159,-0.39245963,0.090368389099274,1,touch,1,1
541,track_2,138,-0.18697222,0.2496505963305632,1,touch,1,1
542,track_1,154,-0.329747869,0.2661612038198229,0,hold,0,0
543,track_6,72,0.0207232915692859,0.2956616033075584,1,kiss,1,1
543,track_9,63,-0.0714584,0.20680262101075,1,kiss,1,1
544,track_3,58,-0.135686765,0.0456005966868893,0,pat,0,0
544,track_2,37,0.0468448775040136,0.235812788275448,0,pat,0,0
545,track_2,147,-0.156299507,0.3130343497610416,1,kiss,1,1
545,track_1,81,0.0350006001047146,0.0970952474960574,1,kiss,1,1
546,track_1,161,0.1567185336943738,0.1822780484553449,1,handshake,1,1
546,track_2,118,0.0762684739242165,0.1757467838667206,1,handshake,1,1
547,track_1,45,-0.075293174,0.2311609213550885,-1,slap,-1,-1
547,track_13,11,-0.053654898,0.2048459527167407,-1,slap,-1,-1
549,track_1,124,-0.265991969,0.2128311346976026,1,handshake,1,1
549,track_2,58,0.0634319637099216,0.2668143462004332,1,handshake,1,1
551,track_2,164,-0.131633532,0.2026771444191293,1,hug,1,1
551,track_1,53,0.0108235048235587,0.2764218040513542,1,hug,1,1
552,track_10,75,0.0657954608400662,0.2632061962286631,0,hold,0,0
552,track_1,65,-0.317042664,0.0895799918816639,0,hold,0,0
553,track_1,67,-0.359015194,0.3250380057229924,-1,pat,-1,-1
553,track_2,32,0.1169653919059783,0.3474892592057585,-1,pat,-1,-1
554,track_1,158,0.0263156915390038,0.0365018113693104,0,pat,0,0
554,track_2,156,-0.005478804,0.1469761539632693,0,pat,0,0
555,track_3,161,-0.212464278,0.2555645271580412,0,tap,0,0
555,track_4,158,-0.027388957,0.1940550752738608,0,tap,0,0
556,track_1,167,-0.283732649,0.2477929673330512,0,pat,0,0
556,track_2,167,-0.062162784,0.1434116603996225,0,pat,0,0
557,track_7,138,-0.191711737,0.2150066488462945,-1,hold,-1,-1
558,track_2,152,0.1738767886142197,0.4143332340509483,1,slap,1,1
558,track_1,71,0.248667299747467,0.0772910291250322,1,slap,1,1
559,track_1,149,-0.007929521,0.2712832278753287,1,hug,1,1
561,track_1,51,0.0128785503261229,0.2265851970981149,1,slap,1,1
561,track_2,45,-0.120694404,0.0843323068486319,1,slap,1,1
562,track_1,157,-0.331597614,0.3414697763836308,-1,hold,1,-1
562,track_2,78,-0.306306876,0.3745854079532317,-1,hold,1,-1
563,track_1,100,0.1145726069808006,0.232893059849739,1,kiss,1,1
563,track_6,15,0.0491584032773971,0.1798166215419769,1,kiss,1,1
564,track_14,115,0.479351743667022,0.2233349776786306,1,touch,1,1
564,track_3,115,-0.020092344,0.2491418079189632,1,touch,1,1
565,track_1,107,0.0260887410596152,0.1003144063821462,1,hold,1,1
565,track_2,19,-0.072562446,0.292555458843708,1,hold,1,1
566,track_1,16,-0.131603586,0.2971735037863254,-1,hold,1,-1
567,track_3,82,-0.112016617,0.1914779024153221,1,kiss,1,1
567,track_1,55,-0.294641452,0.1238911029967394,1,kiss,1,1
568,track_1,86,-0.140562366,0.160740997035836,0,hold,0,0
568,track_14,77,0.176733345083602,0.1085387352225068,0,hold,0,0
569,track_1,129,-0.114236932,0.095367462193781,1,kiss,1,1
569,track_2,27,-0.102061041,0.2678677919838164,1,kiss,1,1
570,track_2,63,-0.061737545,0.1064423242258647,1,hug,1,1
570,track_4,54,-0.391254804,0.2466092952699572,1,hug,1,1
571,track_3,112,-0.190966535,0.2164658844870116,-1,hold,-1,-1
571,track_1,90,-0.049027584,0.0779928943349255,-1,hold,-1,-1
572,track_16,70,-0.002499089,0.0529589580638068,1,hug,1,1
573,track_2,158,-0.191186832,0.3306902913447422,0,touch,1,1
573,track_1,79,-0.044247453,0.3081163350917116,0,touch,1,1
574,track_3,137,-0.014348672,0.2321606006500494,1,hug,1,1
574,track_1,86,-0.009017715,0.2042860923291639,1,hug,1,1
575,track_1,99,-0.015616903,0.2381515701611836,1,kiss,1,1
575,track_6,39,0.0323682968051005,0.2832409280997056,1,kiss,1,1
576,track_2,124,0.0843101591472664,0.1690429239984481,-1,hug,1,-1
576,track_4,116,-0.192330765,0.2232528009034436,-1,hug,1,-1
577,track_1,134,0.2640720529676373,0.1224478316952043,1,hug,1,1
577,track_5,17,0.0546306025455979,0.1966338740552173,1,hug,1,1
579,track_2,94,-0.034324622,0.0011732322262956,1,kiss,1,1
579,track_7,14,0.0684798178928239,0.0837105533906391,1,kiss,1,1
580,track_1,31,-0.079042519,0.1674365223415436,0,hold,0,0
581,track_3,163,0.3310032011998212,0.2020786262911521,1,hug,1,1
581,track_13,93,-0.128115921,0.1510849220137442,1,hug,1,1
582,track_1,86,0.1584431737834631,0.1769399299871089,1,kiss,1,1
582,track_16,30,-0.061779878,0.1001695175965627,1,kiss,1,1
583,track_1,112,0.0640206361256007,0.2648966132796236,-1,hold,-1,-1
583,track_16,59,-0.235292244,0.1663201442461903,-1,hold,-1,-1
584,track_22,20,-0.019810457,0.2281806889921426,-1,hold,-1,-1
584,track_44,11,0.0866766450080004,0.1989117840474302,-1,hold,-1,-1
586,track_6,74,0.0851396939440353,0.1778030459945266,-1,hold,-1,-1
586,track_1,38,0.0282111297312535,0.179344861915237,-1,hold,-1,-1
588,track_1,114,-0.174285312,0.3545922427193114,-1,push,-1,-1
588,track_2,98,-0.174828904,0.2034198966409479,-1,push,-1,-1
589,track_5,134,0.15776619092742,0.0199340135971112,0,hold,0,0
589,track_1,24,-0.023868794,0.0821844963356852,0,hold,0,0
590,track_2,48,0.0646635241185625,0.1285318027560909,0,push,0,-1
590,track_1,38,0.0133847164872445,0.200573897675464,0,push,0,-1
591,track_1,69,-0.104164974,0.3178775638773821,0,pat,1,0
591,track_2,59,0.2514531295430862,0.1507751636080822,0,pat,1,0
592,track_11,45,0.0901145060857137,0.066444716685348,0,hold,0,0
592,track_1,18,-0.250680501,0.3228139951825142,0,hold,0,0
593,track_10,43,-0.092176298,0.2927584729568903,-1,pull,-1,-1
593,track_15,29,-0.103469278,0.1293630443256476,-1,pull,-1,-1
594,track_2,69,-0.173730778,0.2623970846551052,-1,hold,-1,-1
594,track_1,68,-0.318822372,0.039531705681892,-1,hold,-1,-1
595,track_9,65,0.058138371602847,0.1144549548625946,1,hug,1,1
595,track_4,13,0.2191661980289679,0.0540887489914894,1,hug,1,1
596,track_1,71,0.0987069876471035,0.1379840203993757,1,hug,1,1
596,track_2,68,0.1031614983563914,0.1724132653325796,1,hug,1,1
597,track_1,29,0.3380831914215252,0.1285903178926171,1,stroke,1,1
598,track_1,62,0.4449582859393089,0.1879778604113286,1,kiss,1,1
599,track_2,60,0.0415537403275569,0.2544850502163172,1,hug,1,1
599,track_1,36,-0.103465327,0.0882661137729883,1,hug,1,1
600,track_1,163,-0.256025993,0.1625180073493828,0,touch,0,0
601,track_1,72,-0.052298677,0.3239802428417735,0,hold,0,0
601,track_3,72,-0.192306355,0.4269429097572962,0,hold,0,0
602,track_3,162,-0.09717671,0.2329495500911165,0,stroke,0,0
602,track_2,143,-0.125508274,-0.108293372,0,stroke,0,0
603,track_2,151,0.1538966553692786,0.1684262001060492,0,touch,0,0
603,track_1,37,-0.11108179,0.0364796936109259,0,touch,0,0
604,track_1,121,-0.090281193,0.222231578543659,1,kiss,1,1
605,track_24,70,-0.142993944,0.0645279925848756,1,hug,1,1
605,track_1,63,-0.094978357,0.1721486854884359,1,hug,1,1
606,track_1,80,0.0808927148580551,0.2587209803052246,1,kiss,1,1
606,track_31,34,0.4571543042274082,0.104208129512913,1,kiss,1,1
607,track_1,134,-0.010798509,0.1719065927969875,1,hug,1,1
607,track_4,33,-0.28383663,-0.106280837,1,hug,1,1
608,track_2,65,-0.214708374,0.3443384161362281,1,hug,1,1
609,track_1,160,-0.044534129,0.0278248372022062,0,pat,0,0
609,track_2,137,-0.056694466,0.2258401033978392,0,pat,0,0
610,track_2,158,-0.27346807,0.3583497503607333,0,hold,0,0
610,track_1,155,0.0245482618289609,0.3374037061968157,0,hold,0,0
612,track_1,80,0.2854522107169032,0.1997441591694951,0,touch,0,0
612,track_2,80,-0.198157592,0.0607515959069132,0,touch,0,0
613,track_1,165,0.0448127915010307,0.0384385943864331,1,stroke,1,1
613,track_3,165,0.1768952018383777,0.2787271976470947,1,stroke,1,1
614,track_1,87,-0.095115715,0.0777569556202011,-1,push,-1,-1
615,track_3,119,-0.027978785,0.2874251348005623,-1,slap,-1,-1
616,track_1,130,-0.065162681,0.2689156555785583,0,touch,0,0
618,track_2,39,-0.12684753,0.0114936270774939,1,kiss,1,1
619,track_1,152,-0.358522242,0.2230595230664077,1,handshake,1,1
619,track_2,145,-0.091524619,0.1335894413035491,1,handshake,1,1
620,track_1,118,-0.229747051,0.096400702340623,1,kiss,1,1
621,track_1,160,-0.112359677,0.3089430031366646,0,tap,0,0
621,track_2,160,-0.023503988,0.0823934290558099,0,tap,0,0
623,track_1,157,-0.048353702,0.0217321785107539,1,slap,1,1
623,track_2,142,0.0924679405829856,0.0896552554528478,1,slap,1,1
624,track_3,44,-0.00159802,0.2067566288804466,1,pat,1,1
624,track_1,31,-0.168870044,0.1191853489125928,1,pat,1,1
625,track_3,56,-0.057750233,0.1800657214064683,1,hug,1,1
625,track_1,15,-0.001913311,0.3021600256363551,1,hug,1,1
626,track_4,38,-0.15460594,0.1853454479653584,-1,hold,-1,-1
626,track_2,12,-0.009892705,0.306392843524615,-1,hold,-1,-1
627,track_3,99,-0.21912416,0.1726516507039166,0,push,0,0
627,track_2,98,-0.010146067,0.0359448713003372,0,push,0,0
628,track_18,89,-0.048236816,0.1759893592823757,1,kiss,1,1
628,track_24,47,-0.001579787,0.19896420218209,1,kiss,1,1
629,track_2,156,-0.081446594,0.1069384191471796,1,hold,1,1
629,track_6,67,-0.111674929,0.191303758590079,1,hold,1,1
630_1,track_2,41,-0.170486741,0.09543793357727,-1,tap,-1,-1
630_2,track_2,67,0.0261033804558995,-0.110004681,-1,slap,-1,-1
630_2,track_1,65,-0.062043999,0.1525504537499868,-1,slap,-1,-1
630_3,track_1,38,0.156852605507562,0.2276275206945444,-1,slap,-1,-1
630_3,track_2,34,0.0060110861325965,0.1227202145930598,-1,slap,-1,-1
633,track_2,70,-0.042718967,0.2731187235031809,1,hold,1,1
633,track_1,20,0.0256307143718004,0.2594519197940826,1,hold,1,1
634,track_2,155,-0.274512028,0.1260624722607674,1,kiss,1,1
634,track_3,46,0.0532410582122595,0.1975453555907892,1,kiss,1,1
635,track_1,156,-0.155699472,0.1073214187740515,-1,hold,-1,-1
635,track_18,41,-0.011648751,0.0534532170106725,-1,hold,-1,-1
636,track_22,53,-0.303069446,0.1454808374620833,1,pull,1,1
636,track_1,45,-0.099552155,0.2306365248229768,1,pull,1,1
638,track_2,151,-0.346690301,0.3073398942584233,1,hug,1,1
638,track_1,142,-0.124747772,0.1963448330340251,1,hug,1,1
639,track_1,79,-0.183134437,0.0425092487395564,1,hold,1,1
640,track_1,57,0.2696838479554444,0.0261279186397268,1,hug,1,1
640,track_4,30,0.018444130072991,0.3825071886181831,1,hug,1,1
641,track_1,87,-0.488887576,0.1563527804167791,0,touch,0,0
642,track_1,101,-0.177559317,0.0742584511195078,0,stroke,0,0
643,track_6,83,-0.119473042,0.2077241050730268,-1,push,-1,-1
643,track_1,67,-0.206362025,0.0903057767384087,-1,push,-1,-1
644_1,track_1,59,0.0883523561691833,0.1670911411865283,1,lean,1,0
644_2,track_4,30,-0.195205384,0.0179338961839675,1,hug,1,0
644_2,track_1,25,-0.085585433,0.2432502678036689,1,hug,1,0
648,track_1,161,-0.232575629,0.3442538640236262,1,hug,1,1
648,track_32,23,0.0308809345183165,0.1988871418263601,1,hug,1,1
649,track_2,139,0.0109470835585388,0.1631896410057013,1,hold,1,1
649,track_34,79,-0.097825726,0.1467990514975559,1,hold,1,1
650,track_1,162,-0.463317251,-0.033182915,0,push,0,0
651,track_1,147,-0.228764513,0.2422405832073315,1,kiss,1,1
651,track_18,34,-0.048579582,0.1753774703863789,1,kiss,1,1
652,track_1,162,0.0029034044271633,0.1255889983824741,1,hug,1,1
652,track_13,14,0.0288791395723819,0.1584574111870356,1,hug,1,1
654,track_2,102,-0.134974608,0.2286109388897232,-1,hold,-1,-1
654,track_12,67,-0.063084727,0.1269710480944434,-1,hold,-1,-1
655,track_4,147,-0.041082962,0.2270610668018561,-1,pat,-1,-1
656,track_3,40,0.0233720030635595,0.1158423716202378,1,hold,1,1
656,track_24,21,0.0142814914385477,0.1229610045750935,1,hold,1,1
658,track_1,109,-0.084987637,0.221600178458275,1,hold,1,1
658,track_18,18,-0.100075626,0.1570253214902348,1,hold,1,1
659,track_1,81,0.0412379789315624,0.1410901752519018,1,kiss,1,1
660,track_1,50,-0.163435802,0.3282189320027828,1,stroke,1,1
660,track_7,41,-0.02284508,0.2465936897731409,1,stroke,1,1
661_1,track_1,36,0.0465702586289909,0.2556312831325663,-1,slap,-1,-1
661_2,track_1,10,0.056669595465064,0.0489108547568321,-1,slap,-1,-1
662,track_3,35,0.0335068523883819,0.131594131886959,1,pat,1,1
663,track_1,79,-0.45953178,0.573927383256864,-1,slap,-1,-1
663,track_2,79,-0.19783107,0.2459145421280136,-1,slap,-1,-1
665,track_2,71,-0.023677577,0.1554135470323159,1,hold,1,0
665,track_1,70,-0.140151319,0.1398544499916689,1,hold,1,0
666,track_6,48,0.026805522541205,0.1045045261271298,1,pat,1,0
666,track_2,17,-0.145993277,0.3337438053944531,1,pat,1,0
667,track_3,67,-0.105690634,0.0474847757549428,0,hold,0,0
667,track_1,62,-0.178921605,0.2673735974296446,0,hold,0,0
668,track_1,54,-0.398177529,-0.011929128,1,hug,1,-1
668,track_2,54,-0.188365594,0.0744479411730059,1,hug,1,-1
669,track_1,37,-0.512838426,-0.096857071,1,hug,1,1
669,track_8,11,-0.005847697,0.2775723378766667,1,hug,1,1
670,track_12,99,0.2625768515798781,0.2423729665502153,1,slap,1,1
670,track_13,42,-0.08766041,0.1080718334941636,1,slap,1,1
671,track_1,163,-0.080733064,0.372987864573309,0,touch,0,0
672,track_1,59,-0.145333683,0.179351195566735,-1,push,1,-1
672,track_5,44,0.014760432426225,0.1493651059202172,-1,push,1,-1
673,track_1,70,-0.099301292,0.2148339827145849,1,hold,1,1
674,track_1,71,-0.119929664,0.2393762576328197,0,tap,0,0
674,track_2,71,-0.278737263,0.0897839383130342,0,tap,0,0
675,track_1,76,0.3059160975053122,0.0327567955184924,1,kiss,1,1
675,track_2,52,-0.084682211,0.1589701069662204,1,kiss,1,1
676,track_2,52,-0.088503564,0.302956025617627,-1,push,-1,-1
676,track_3,47,-0.036717534,0.1482029639660043,-1,push,-1,-1
678,track_2,42,-0.171954347,0.2628449786986623,0,pat,0,0
678,track_4,42,-0.029329192,0.2353307466421808,0,pat,0,0
679,track_4,28,-0.126302227,0.1739559939929417,1,stroke,1,1
680_2,track_2,21,-0.133655061,0.1673845560068176,1,hug,1,1
